Condition,Performance
V1O1,0.5
V2O1,0.5
V3O1,0.5
V4O1,0.5
V5O1,0.4269868056995052
V6O1,0.5
V7O1,0.5003341433778858
V8O1,0.5
V9O1,0.475
V10O1,0.475
V11O1,0.5
V12O1,0.6666666666666666
V12O2,0.023809523809523808
