Condition,Performance
V1O1,0.5
V2O1,0.5
V3O1,0.5
V4O1,0.5
V5O1,0.523329682365827
V6O1,0.5232508073196985
V7O1,0.5
V8O1,0.5
V9O1,0.5
V10O1,0.5
V11O1,0.5
V12O1,0.34888767323121805
V12O2,0.9761904761904762
