Condition,Performance
V1O1,0.45
V2O1,0.45
V3O1,0.45
V4O1,0.4842105263157895
V5O1,0.5
V6O1,0.4305010893246187
V7O1,0.475
V8O1,0.5
V9O1,0.475
V10O1,0.525
V11O1,0.475
V12O1,0.3333333333333333
V1O2,0.9761904761904762
