Condition,Performance
V1O1,0.5
V2O1,0.5
V3O1,0.5
V4O1,0.6061205506840495
V5O1,0.5
V6O1,0.5
V7O1,0.36545356952398034
V8O1,0.5
V9O1,0.5
V10O1,0.5
V11O1,0.5
V12O1,0.3333333333333333
V12O2,0.9761904761904762
