Condition,Performance
V1O1,0.4
V2O1,0.5
V3O1,0.5
V4O1,0.475
V5O1,0.525
V6O1,0.525
V7O1,0.5
V8O1,0.55
V9O1,0.475
V10O1,0.45
V11O1,0.55
V12O1,0.3333333333333333
V12O2,0.9761904761904762
