Condition,Performance
V1O2,0.5
V2O2,0.49972283813747226
V3O2,0.5019466073414905
V4O2,0.5
V5O2,0.5
V6O2,0.525
V7O2,0.5
V8O2,0.5
V9O2,0.5
V10O2,0.5
V11O2,0.5
V12O2,0.6666666666666666
V12O1,0.023809523809523808
