Condition,Performance
V1O2,0.55
V2O2,0.5752375211278512
V3O2,0.55
V4O2,0.5
V5O2,0.6
V6O2,0.575
V7O2,0.5867809734513274
V8O2,0.6744419357484357
V9O2,0.475
V10O2,0.5
V11O2,0.5
V12O2,0.65
V12O1,0.023809523809523808
