Condition,Performance
V1O2,0.49869281045751634
V2O2,0.5
V3O2,0.5
V4O2,0.5
V5O2,0.5
V6O2,0.5
V7O2,0.5
V8O2,0.5
V9O2,0.5
V10O2,0.5
V11O2,0.5
V12O2,0.3333333333333333
V1O1,0.9761904761904762
