Condition,Performance
V1O2,0.5
V2O2,0.6243959865543705
V3O2,0.5322767550273081
V4O2,0.6762155941842459
V5O2,0.5
V6O2,0.4768810679611651
V7O2,0.6083863276547442
V8O2,0.5
V9O2,0.5
V10O2,0.5
V11O2,0.5
V12O2,0.6666666666666666
V1O1,0.023809523809523808
