Condition,Performance
V1O2,0.5
V2O2,0.5907926175610907
V3O2,0.5
V4O2,0.5231609195402299
V5O2,0.5
V6O2,0.5223367697594502
V7O2,0.5229775280898876
V8O2,0.5
V9O2,0.5
V10O2,0.5
V11O2,0.5
V12O2,0.3333333333333333
V5O1,0.9761904761904762
