Condition,Performance
V1O1,0.5
V2O1,0.5
V3O1,0.5
V4O1,0.5
V5O1,0.5
V6O1,0.5
V7O1,0.4990434782608696
V8O1,0.5
V9O1,0.5
V10O1,0.5
V11O1,0.5
V12O1,0.4880079543578525
V1O2,0.35873975514395556
