Condition,Performance
V1O1,0.475
V2O1,0.5
V3O1,0.5
V4O1,0.5
V5O1,0.5
V6O1,0.02759713382736766
V7O1,0.5
V8O1,0.5
V9O1,0.5
V10O1,0.5
V11O1,0.5
V12O1,0.45742452911114395
V12O2,0.3838115256091675
