Condition,Performance
V1O1,0.5
V2O1,0.5
V3O1,0.2875
V4O1,0.3875
V5O1,0.5
V6O1,0.5
V7O1,0.5
V8O1,0.5
V9O1,0.5
V10O1,0.5
V11O1,0.5
V12O1,0.4584284627092846
V12O2,0.3876846709276693
