Condition,Performance
V1O1,0.5
V2O1,0.5
V3O1,0.5
V4O1,0.5
V5O1,0.5
V6O1,0.5
V7O1,0.5
V8O1,0.5
V9O1,0.5
V10O1,0.5
V11O1,0.7333960789093606
V12O1,0.45855044574907594
V12O2,0.3874393191066381
