Condition,Performance
V1O2,0.49038242009132416
V2O2,0.4823685086230826
V3O2,0.5
V4O2,0.5075779470470794
V5O2,0.5
V6O2,0.5
V7O2,0.5
V8O2,0.5
V9O2,0.5
V10O2,0.5
V11O2,0.641376460314574
V12O2,0.5220021112748823
V12O1,0.5958741999792101
