Condition,Performance
V1O2,0.5
V2O2,0.5
V3O2,0.5
V4O2,0.5
V5O2,0.5
V6O2,0.5
V7O2,0.5831995536985025
V8O2,0.5
V9O2,0.5
V10O2,0.3690744052732697
V11O2,0.5
V12O2,0.4576514993519707
V12O1,0.3848139088856934
