Condition,Performance
V1O2,0.49038242009132416
V2O2,0.2961747379663849
V3O2,0.5
V4O2,0.5
V5O2,0.5
V6O2,0.5
V7O2,0.5
V8O2,0.5
V9O2,0.5
V10O2,0.5
V11O2,0.11498046819613601
V12O2,0.48855921262091656
V1O1,0.5443902720557213
