Condition,Performance
V1O2,0.475
V2O2,0.5
V3O2,0.5
V4O2,0.5
V5O2,0.5
V6O2,0.5
V7O2,0.5
V8O2,0.5
V9O2,0.5
V10O2,0.5
V11O2,0.5
V12O2,0.3665714285714286
V1O1,0.9285714285714286
