test.cond,avg,std_dev,avg_dev,se
ObjectRecognition,0.651634599,0.111437606,0.092594131,0.032169266
TransitionalProbability,0.494057255,0.037667654,0.029686217,0.010873715
