test.cond,avg,std_dev,avg_dev,se
non-matched,0.667702422,0.096817389,0.071405403,0.020187821
matched,0.588036395,0.102649388,0.076107463,0.029632326
