Condition,Performance
V1O1,0.5
V2O1,0.55
V3O1,0.5
V4O1,0.525
V5O1,0.5
V6O1,0.5492196426738744
V7O1,0.5
V8O1,0.45825395659292223
V9O1,0.5
V10O1,0.5811782317904576
V11O1,0.5
V12O1,0.6666666666666666
V12O2,0.023809523809523808
