Condition,Performance
V1O1,0.525
V2O1,0.5
V3O1,0.5
V4O1,0.5
V5O1,0.475
V6O1,0.45
V7O1,0.5
V8O1,0.475
V9O1,0.6
V10O1,0.5
V11O1,0.475
V12O1,0.6666666666666666
V12O2,0.023809523809523808
