Condition,Performance
V1O2,0.5137272727272727
V2O2,0.5
V3O2,0.5
V4O2,0.5
V5O2,0.533873764522282
V6O2,0.5
V7O2,0.5
V8O2,0.5
V9O2,0.5
V10O2,0.5
V11O2,0.5
V12O2,0.3333333333333333
V12O1,0.975236973470189
