Condition,Performance
V1O2,0.5
V2O2,0.5
V3O2,0.5
V4O2,0.5
V5O2,0.5
V6O2,0.5
V7O2,0.49081871345029243
V8O2,0.5
V9O2,0.5
V10O2,0.48502656434474617
V11O2,0.5
V12O2,0.34924242424242424
V1O1,0.9761904761904762
